literature, sports
facebook, outdoors, activities, religion, teaching, delivery, art, photography, children, cleaning, programming, animals, wine, customer service, swimming, food, hotel, movies, computers, culture, instagram, plants, bike
culture, car, animals, food, delivery, photography, books, beer, programming, computers, movies, computer, school, plants, sports, elderly, redecoration, swimming, bike, legal age, wine, gardening, internet, cutomer service, hotel
twitter, wine, cleaning, internet, beer, car, religion, photography, bike, activities, plants, movies, baking, facebook, school, swimming, food, outdoors, animals, programming, children, sports, redecoration, drinks
social media, plants, internet, baking, wine, cutomer service, instagram, outdoors, religion, computer, car, facebook, teaching, cleaning, books, customer service, swimming, animals, gardening, school, photography, children, movies, twitter
coctails, food, baking, activities, legal age, instagram, books, animals, culture, teaching, programming, literature, delivery, sports, social media, cutomer service, religion, children, elderly, plants, computer, redecoration, twitter, customer service, photography, internet, facebook, school, drinks, sales, cleaning, hotel
social media, bike, photography, children, books
twitter, instagram, movies, literature, internet, facebook, plants, hotel, legal age, sports, animals, gardening
children, art, beer, delivery, customer service, wine, swimming, facebook
redecoration, internet, literature, facebook, religion, activities, teaching, legal age, culture, hotel
children, teaching, cutomer service, outdoors, swimming, elderly, facebook, books, school, redecoration, car, gardening, bike, twitter, beer, programming, computers, sports, photography
baking, social media, computer, facebook, legal age, movies, cleaning, beer, sports, books, outdoors, car, gardening, customer service, delivery, swimming, coctails, activities, literature
movies, elderly, computer, photography, customer service
facebook, baking, art, sports, photography, cleaning, elderly, teaching, beer, culture, computer, literature, bike, instagram, religion, food, gardening, swimming, delivery, customer service, outdoors
outdoors, car, sports, legal age, art, activities, gardening, cleaning, food, elderly, photography, wine, school, computers, computer, bike, social media, teaching, plants, redecoration, literature, baking, delivery, facebook, children, cutomer service, hotel
facebook, religion, drinks, customer service, computers, sales, social media, activities, elderly, delivery, swimming, gardening, cutomer service, books, programming, baking, redecoration, beer, outdoors, school, literature, hotel, instagram, wine, sports, internet, legal age, teaching, twitter, computer, art, cleaning, bike, coctails, food, movies, children
beer, culture, movies, elderly, animals, school, baking, drinks, books
programming, baking, swimming
literature, food, swimming, teaching, baking, delivery, cleaning, elderly, coctails, sports, art, movies, internet, school, cutomer service, wine, beer, photography, books, religion, children, redecoration, gardening, instagram, sales, computer, car, programming, computers, hotel, legal age, animals, outdoors, plants, customer service, culture, bike, drinks
movies, bike, elderly, plants, redecoration, swimming, legal age, baking, photography, sports, coctails, gardening, programming, activities, instagram, facebook, drinks, religion, social media, outdoors, wine, beer, sales
cleaning, gardening, programming, outdoors, teaching, culture, movies, beer, car, instagram, literature, bike, activities, sales, redecoration, elderly, computers, books, animals, delivery, cutomer service, drinks, baking
customer service, activities, social media, movies, hotel, school, facebook, wine, drinks, baking, teaching, gardening, food, computer, sports, beer, cleaning, outdoors, internet, children, programming, animals, religion, sales, bike, books, art, photography, car, instagram, computers, delivery, literature, culture, twitter, redecoration, coctails, elderly, legal age, swimming, plants, cutomer service
bike, school, facebook, hotel, programming, beer, elderly, culture, sports, teaching, photography, plants, literature, swimming
activities, customer service, cutomer service, bike, photography, legal age, animals, redecoration, internet, wine, hotel, social media, teaching, culture, twitter, computers, children, drinks, food, elderly, car, instagram, movies, gardening, sales, outdoors, plants, beer
twitter, legal age, literature, food, school, sales, car, beer, movies, bike, computers, hotel, baking, animals, coctails, gardening, culture, teaching, cutomer service, cleaning, photography, delivery, outdoors, books, activities, drinks, instagram, art, facebook, programming, customer service, plants, children, social media, religion
food, internet, books, swimming, animals, sales, sports, teaching, beer, instagram, cleaning, bike, facebook, coctails, drinks, car, children, hotel, wine, elderly, plants, cutomer service, social media, culture, legal age, art, school, computers
internet, social media, hotel, sales, delivery, outdoors, art, animals, teaching, religion, gardening, coctails, school, literature, customer service, computers, elderly, wine, facebook, photography, computer, books, food
literature, facebook, baking, redecoration, swimming, hotel, teaching
cutomer service, animals, teaching, movies, computers, sports, elderly, art, swimming, baking, delivery, school, computer, redecoration, culture, children, customer service, sales, social media, programming, internet, gardening, literature, religion
drinks, literature, computer, sales, bike, hotel, art, social media, photography, outdoors, teaching, baking, programming, elderly, redecoration, computers, sports, legal age, car, religion, food, facebook, twitter, school, culture
animals, photography, art, swimming, plants, baking, outdoors, drinks, legal age, sports, social media, literature, instagram, computer, religion, movies, wine, coctails, culture, computers, gardening, school, cleaning, hotel, twitter, delivery, facebook, customer service, books, children, food, car, activities, bike, elderly, sales, teaching, internet
computers, food, teaching, facebook, programming, delivery, movies, internet, children, beer, culture, hotel, books, cleaning
elderly, coctails, beer, teaching, computers, gardening, literature, books, instagram, culture, baking, twitter, hotel, children
redecoration, internet, programming, car, customer service, literature, culture, drinks, cleaning, elderly, movies, wine, sales, photography, hotel, swimming, social media, children, plants, sports
computers, food, baking, photography, facebook, books, twitter, computer, cleaning, instagram, sports, hotel, art, cutomer service, movies, programming
beer, children, redecoration
hotel, internet, children, redecoration, cleaning, photography, social media, sports, delivery, coctails, facebook, swimming, art, gardening, culture, school, programming
programming, animals, facebook, cutomer service, religion, social media, baking, photography, gardening, food, cleaning, outdoors, literature, legal age
instagram, books, wine, sales, bike, swimming, redecoration, baking, hotel
elderly, facebook, instagram, sports, literature, baking, wine, gardening, cleaning, plants, coctails, teaching, car, food, animals, books, children, legal age, computers, programming, swimming, culture, hotel, cutomer service, outdoors, drinks, religion, photography, school, bike, twitter, activities, internet, art, beer, customer service, computer, movies
photography, redecoration, twitter, plants, outdoors, religion, programming, wine, teaching, cleaning
food, computer, teaching, cleaning, coctails, car, computers, children, instagram, photography, elderly, hotel, cutomer service, programming, customer service, movies, baking, twitter, school, redecoration, plants, internet, legal age, sales
facebook, wine, social media, bike, instagram, sales, food, religion, programming, plants, coctails, cutomer service, animals, customer service, teaching, photography, books, school, baking, twitter, car, activities, beer, drinks, swimming, movies, sports, children, delivery, gardening, computer, computers, cleaning, elderly, art, internet, culture, literature, outdoors, hotel
children, activities, programming, literature, books, beer, coctails, legal age, redecoration
movies, photography, plants, activities, programming, instagram, children, legal age, wine, outdoors, baking, drinks, teaching, beer, culture, customer service, swimming, cutomer service, delivery, coctails, internet, elderly, cleaning
school, coctails, legal age, photography, baking, computers, cutomer service, social media, books, instagram, sports, activities, wine, elderly, plants, animals, swimming, children, redecoration, religion, twitter, food, computer, beer, sales, car, bike, outdoors, internet, teaching, gardening, art, facebook, culture, drinks, programming, literature, customer service, movies, cleaning
books, animals, art, wine, activities, delivery, drinks, children
car, activities, twitter, outdoors, children, photography, culture, facebook, teaching, animals, plants, religion, cutomer service, movies, drinks, literature, beer, food
programming, cleaning, internet, computer, wine, school, movies, social media, legal age, redecoration, teaching, swimming, photography, car, food, sales, outdoors, literature, hotel, instagram, gardening, religion, bike, children, plants, culture, elderly, sports, activities, coctails, delivery, books, animals, customer service, drinks, art, facebook, baking
elderly, internet, movies, photography
photography, twitter, activities, art, instagram, wine, outdoors, culture, sales, animals, redecoration, children, internet, books, facebook, drinks, teaching, movies, sports
outdoors, sales, bike, plants, delivery, culture, literature, children, swimming, activities, facebook, animals, customer service, cutomer service, school, food, books, legal age, baking, teaching, coctails, hotel, sports, programming, wine, art, cleaning, internet, computers, religion, beer, twitter, social media, elderly, photography, car, gardening, redecoration, instagram, movies, computer, drinks
religion, baking, movies, beer, hotel, bike, legal age, customer service, teaching, facebook, computer, computers, photography, books, children, twitter, culture, wine, coctails
sales, photography, social media, movies, cleaning, gardening, religion, instagram, elderly, wine, facebook, baking, teaching, children, programming, car, art, computer, food, cutomer service, hotel, literature
programming, school, culture, wine, photography, instagram, elderly, religion, drinks, sales
customer service, activities, school, teaching, programming, cleaning, plants, culture
legal age, drinks, hotel, sports, photography, social media, cutomer service, wine
twitter, beer, plants, culture, movies, school, children, cutomer service, computers, wine, gardening, internet, computer, sports, activities, animals, religion, social media, car, swimming, elderly, baking, cleaning, art, literature, sales, coctails, programming, drinks, delivery, redecoration, customer service, food, facebook, instagram, teaching
redecoration, outdoors, wine, school, drinks, activities, animals, art, plants, computers, children, computer, internet, gardening
books, hotel, plants, redecoration, customer service, beer, culture, sales
animals, culture
literature, wine, plants, drinks, school, religion, activities, baking, coctails, computers, culture, instagram, swimming, twitter, animals, legal age, gardening, food, cleaning, computer, art, cutomer service, teaching, photography, sports, internet, outdoors, customer service, sales, beer, bike, elderly, delivery
literature, car, sports, coctails, social media, culture, photography, food, religion, elderly, outdoors, programming, customer service, plants, computer, hotel, teaching, sales, drinks, animals, cutomer service, beer, gardening, twitter, computers, delivery, children, internet, wine, baking, swimming, legal age, instagram, books, cleaning, movies, bike, art, redecoration, activities
facebook, animals, children, customer service, redecoration, programming, drinks, beer, culture, sales, school, legal age, computers, books, food, car, coctails, elderly, delivery, religion, cutomer service, sports, wine, cleaning, hotel, photography, twitter, activities, movies, social media, outdoors, instagram, art, teaching, bike, plants, literature, internet
programming, hotel, activities, elderly, sports, religion, art, customer service, animals, legal age, photography, computer, beer, internet, car, outdoors, culture, movies, children
facebook, computers, social media, cleaning, activities, programming, baking, delivery, beer, gardening, sales, outdoors, hotel, teaching, books, photography, redecoration, children, movies, culture, drinks, religion, twitter, animals, computer, wine, food, sports, coctails, instagram, plants, swimming, cutomer service, bike, art, literature, internet, elderly, car, customer service, school, legal age
twitter, legal age, coctails, swimming, outdoors
food, literature, plants, photography, programming, hotel, customer service, car, art, baking, internet, computer, activities, outdoors, redecoration, social media, sports, delivery, coctails, children, sales, instagram, computers, facebook, cleaning, twitter, bike, school, swimming, drinks
movies, instagram, programming, children, facebook, activities, sports, computers, outdoors, wine, coctails, gardening, baking, cleaning, art, customer service, school, swimming, social media, car, religion, computer, food, hotel, plants, internet, cutomer service, books, literature, beer, animals, bike, twitter, teaching, legal age, delivery, sales, elderly, redecoration, culture, photography
redecoration, instagram, culture, gardening, animals, car, outdoors, photography, internet, facebook, food, religion
drinks, coctails, culture, facebook, activities, bike, computer, movies, photography, beer, car, sports, art, animals, school, programming, hotel, customer service, redecoration, computers, swimming, legal age, children, instagram, cutomer service, internet, sales, cleaning, food, religion, gardening, outdoors, literature, books, plants, elderly, teaching, wine
instagram, children, religion, programming, internet, plants, wine, art, facebook, drinks, books, school, beer, computers, outdoors, coctails, teaching, animals, delivery, movies, elderly, customer service
books, beer, elderly, cleaning, sports, bike, plants, swimming, customer service, activities, gardening, facebook, outdoors, computers, religion, hotel, wine, delivery, movies, school, programming, literature, teaching, art, food, culture, legal age, computer, children
activities, computers, photography, wine, legal age, sports, children, twitter, delivery, coctails, culture, computer, cleaning, hotel, internet, school, swimming, elderly, food, facebook, outdoors, social media, gardening, bike
plants, cleaning, elderly, legal age, drinks, social media, religion, computer, books, computers, animals, movies, sports, baking, school, bike, twitter, photography, teaching, children, food, car, wine, coctails, instagram, gardening, programming, activities, beer, culture, facebook, hotel
car, books, literature, elderly, movies, hotel, animals, instagram, culture, swimming, outdoors, school, programming, cleaning, legal age, computer, facebook, children, social media, photography, cutomer service, baking, beer, plants, bike, twitter, customer service, sports, redecoration, teaching, gardening, delivery, drinks, computers, sales, activities, food
swimming, computer, food, cleaning, children, coctails, baking, facebook, movies, computers, activities, literature, twitter, photography, delivery, internet, hotel, programming, drinks, art, car, customer service, bike, gardening, instagram, redecoration, animals, books, plants
animals, twitter, sports, customer service, children, outdoors, legal age, coctails, beer, programming, books, redecoration, culture, internet, drinks, swimming, food, literature, car, movies, art, religion, delivery, facebook, plants, school, bike, photography, instagram, wine, social media, elderly
sales, outdoors, wine, hotel, cleaning, animals, gardening, bike, beer, internet, elderly, school, programming, teaching, children, literature, photography, cutomer service, customer service
cleaning, teaching, movies, children, food, programming, facebook, computer, gardening, cutomer service, internet, photography, school, religion, swimming, car
plants, wine, customer service, facebook, car, hotel, beer, sports, books, swimming, drinks, literature, photography, gardening, outdoors
computer, internet, children, computers, instagram, food, bike, legal age, art, programming, cutomer service, activities, teaching, beer, school, redecoration, swimming, gardening, animals, customer service, religion, culture, drinks, hotel, literature, car, cleaning, plants, twitter, delivery, social media, movies
children, instagram, wine, gardening, animals, redecoration, activities, bike
legal age, food, twitter, customer service, drinks, photography, wine, plants, religion, culture, swimming, internet, computers, facebook, beer, art, children, teaching, car, coctails, bike, cleaning, hotel, school, books, sports, cutomer service, movies, sales, instagram, delivery, programming, gardening, elderly, redecoration, social media
hotel, facebook, beer, customer service, photography, animals, delivery, sales, programming, teaching, drinks, literature, instagram, computers, computer, elderly, religion, culture, twitter, baking, bike, swimming, wine, activities, cleaning, art, children, internet, coctails, sports, cutomer service, gardening, food, social media, school
hotel, movies, art, culture, photography, sports, activities, cleaning, redecoration, computers, customer service, twitter, outdoors
legal age, wine, sales, programming, internet, instagram, school, books, coctails, facebook, food, art, children, culture, computers, activities, photography, computer, hotel, car, customer service, delivery, drinks, animals, social media
gardening, books, internet, twitter, outdoors, bike, activities, art, cutomer service, customer service, sports, redecoration, social media, plants, computer, delivery, culture, programming, beer, instagram, coctails, elderly, teaching, baking, food, literature, religion, photography, hotel, children
social media, teaching, delivery, twitter, computers, art, hotel
instagram, outdoors, baking, drinks, internet, movies, sales, computer, twitter, programming, hotel, plants, legal age, animals, books, coctails, customer service, activities, car, children
movies, baking, hotel, customer service, beer, food, computer, cutomer service, photography, teaching, activities, plants, children, sports, social media, elderly, books, programming, gardening, car, animals, redecoration, literature, sales, bike, twitter, drinks, art, outdoors, delivery, culture, computers, legal age, coctails
coctails, religion, animals, children, plants, wine, swimming, school, facebook, legal age, computers, beer, car, elderly, programming, activities, instagram, drinks, delivery, gardening, sports, movies, cutomer service, culture, art, baking, twitter, cleaning, photography, redecoration, hotel, customer service
sales, legal age, religion, customer service, elderly, twitter, baking, food, coctails, culture, redecoration, computers, cleaning, programming, books, children, plants, teaching, instagram, movies, bike, computer, activities, gardening, swimming, car, animals, art, beer, wine, literature, facebook, drinks, school
facebook, food, art, cutomer service, movies, programming, car, animals, gardening, books, school, literature, elderly, internet, sales, coctails, wine, computers, customer service, twitter, photography, sports, drinks, culture, delivery
religion, computers, instagram, activities, redecoration, cleaning, social media, plants, beer, wine, animals
social media, food, programming, plants, twitter, computer, religion, movies, photography, car, children, drinks, internet, outdoors, hotel, sports, books, sales, cutomer service, customer service, facebook, gardening, legal age, delivery, culture, teaching, baking, wine, elderly, swimming, cleaning, animals, instagram, literature, art, school, bike, activities, coctails, redecoration
culture, sales, activities, cleaning, instagram, hotel, customer service, legal age, twitter, programming, swimming, social media, plants, drinks, elderly, facebook, internet, photography, literature, redecoration, computer, gardening, sports, outdoors, children, beer, computers, delivery
beer, swimming, customer service, redecoration, baking, outdoors, literature, drinks, photography, food, activities, legal age, instagram, internet, animals, elderly, teaching, school, sales, bike, coctails, cleaning
twitter, children, coctails, swimming, internet, delivery, social media, books, culture, cutomer service, activities, computer, wine, computers, elderly, cleaning, plants, sales, school, baking, beer, customer service, religion, facebook, gardening, redecoration, bike, programming, teaching, car, movies, art, legal age, instagram, outdoors, literature
beer, programming, religion, swimming, gardening, animals, photography, teaching, children, delivery, school, instagram
gardening, school, teaching, books, culture, photography, children, cutomer service, facebook, elderly, twitter, internet, food, swimming, programming, customer service, religion, social media, baking, outdoors, delivery, computer, sales, plants, beer, drinks, hotel, literature, coctails, redecoration, instagram, movies, animals
hotel, legal age, swimming, culture, delivery, customer service, photography, elderly, animals, programming, movies, wine, drinks, car, activities, gardening, sales, computer, instagram, sports, books, outdoors, bike, facebook, art, literature, computers, school, internet, beer, teaching, plants, religion, twitter, food, social media, redecoration, children
car, gardening, computers, customer service, culture, baking, photography, drinks, cutomer service, activities, wine, redecoration, coctails, legal age, sales, computer, internet
beer, hotel, baking, car, delivery, gardening, twitter, computer, teaching, photography, culture, legal age, programming, internet, coctails, school, movies, elderly
drinks, sales, plants, movies
cutomer service, animals, art, activities, social media, customer service, elderly, books, teaching, legal age, food, computer, delivery, sports, cleaning, hotel, instagram, beer, culture, school
cleaning, instagram, movies, social media, books, computer, legal age, animals, cutomer service, school
baking, swimming, redecoration, children, movies, wine, activities, drinks, school, computers, internet, animals, photography, legal age, car, sales, twitter, outdoors, food, cleaning, instagram, programming, culture
sales, bike, plants, animals, outdoors, instagram, baking, car, delivery, children, computers
coctails, internet, school, car, beer, art, teaching, children
plants, photography, activities, computer, redecoration, sports, elderly, art, gardening, cleaning, drinks, programming, culture, baking, swimming, beer, computers, coctails, wine, car, sales, hotel, religion, internet, delivery, twitter, books, children, animals, literature, instagram
internet, school, sports, baking, plants, beer, twitter, literature, swimming, photography, animals, facebook, car, activities, cleaning, programming, customer service, food, culture, movies, coctails, art, redecoration, elderly, legal age, outdoors
sports, sales, culture, animals, instagram, swimming, activities, books, beer, elderly, bike, facebook, gardening, movies, delivery, social media, food
cleaning, religion, literature, school, computer, wine, bike, legal age, gardening, plants, children, cutomer service, facebook, redecoration, sales, instagram, baking, delivery, sports, beer, teaching, internet, drinks, movies
teaching, redecoration, beer, coctails, instagram, cleaning, religion, literature, car, social media, delivery, wine, computer, food, sports, activities, twitter, facebook, animals, gardening, culture, programming, bike, sales, swimming, drinks, legal age
culture, sports, redecoration
swimming, outdoors, beer, coctails, baking, hotel, gardening, movies, social media, car, programming, activities, sales, cutomer service, elderly, instagram, facebook, wine, animals, photography, food, school, delivery, art, religion, sports, twitter, teaching, children, drinks, internet, cleaning, computers, plants
computer, redecoration, bike, car, outdoors, sales
hotel, art, computers, drinks, culture, swimming, internet, photography, literature, activities, movies, instagram, beer, social media, cutomer service, animals, sales, redecoration, baking, religion, children, cleaning, bike, gardening, programming, twitter, coctails, elderly, legal age, facebook, food, teaching, plants, school, sports, car, delivery, books, outdoors, customer service, wine, computer
drinks, outdoors, animals, programming, photography, beer, food, social media, computer, wine, bike, school, computers, baking, twitter, cutomer service, religion, customer service, children, swimming, car
twitter, culture, baking, computer, hotel, computers, beer, sports, animals, instagram, outdoors, cutomer service, art, redecoration, books, school, plants, literature
movies, children, art, elderly, activities, culture, plants, wine, computers, literature, instagram, school, animals, baking, cutomer service, drinks
programming, culture, customer service, facebook, literature, animals, bike, sports
cutomer service, hotel, culture, art
baking, delivery, school, cleaning, bike, teaching, photography, redecoration, computers, animals, children
elderly, movies, animals, facebook, social media, cutomer service, redecoration, car, customer service, cleaning, coctails, beer, gardening, art, baking, swimming, bike, plants, literature, outdoors, internet, books, activities, sales, computers, drinks, legal age, hotel, programming, computer, children, delivery, instagram, twitter, culture, sports, school, food, religion, teaching, photography, wine
sports, cleaning, photography, movies, sales, legal age, school, outdoors, culture, internet, cutomer service, customer service, social media, computers, swimming, activities, baking, instagram, twitter, plants, beer, delivery, facebook, hotel, books, gardening, bike, animals, drinks, computer, car, food, programming, literature, art
drinks, books, children, internet, movies, plants, baking, swimming, teaching, customer service, cleaning, animals, elderly, delivery, programming, art, activities, computers, literature, wine, outdoors
photography, social media, school, delivery, beer, car, redecoration, customer service, sales, cleaning, internet, programming, sports, baking
